date_time,cpu_percent,mem_percent,cpu_average,pid_len,cpu_listval
2023-05-26 09:31:31,32.5,59.2,16.2,306,"33.8,13.8,16.7,12.1,10.6,12.3,16.7,13.6"
2023-05-26 09:31:33,22.3,59.2,16.31,306,"16.7,15.4,24.6,14.1,10.8,10.9,14.1,23.9"
2023-05-26 09:31:35,20.8,59.2,12.15,306,"32.9,12.3,7.7,7.6,6.2,9.1,10.8,10.6"
2023-05-26 09:31:37,15.5,58.9,11.46,306,"23.2,16.4,7.7,10.6,7.7,6.2,12.3,7.6"
2023-05-26 09:31:39,18.3,59.0,21.5,305,"36.8,21.9,17.2,12.5,23.4,14.1,24.2,21.9"
2023-05-26 09:31:41,13.7,58.9,20.31,306,"28.4,26.2,20.0,15.4,15.6,7.8,23.4,25.7"
2023-05-26 09:31:43,21.3,58.6,27.32,309,"41.7,20.3,20.3,21.9,30.9,21.5,35.4,26.6"
2023-05-26 09:31:45,20.7,58.8,25.36,309,"42.3,26.6,25.0,29.9,18.8,15.6,26.2,18.5"
2023-05-26 09:31:47,13.1,58.9,33.77,309,"58.1,34.4,45.3,28.1,26.6,26.2,31.2,20.3"
2023-05-26 09:31:49,14.8,58.9,12.74,309,"35.1,13.8,14.1,4.7,10.9,4.7,9.4,9.2"
2023-05-26 09:31:51,42.6,58.9,53.75,310,"67.6,51.5,64.2,44.6,47.7,46.2,53.8,54.4"
2023-05-26 09:31:53,45.2,59.3,62.12,309,"67.7,53.1,75.0,66.2,57.8,56.9,59.4,60.9"
2023-05-26 09:31:55,51.8,59.9,21.79,309,"37.1,14.1,20.3,24.2,23.4,10.9,23.4,20.9"
2023-05-26 09:31:57,15.5,60.4,14.51,309,"31.9,13.8,12.3,6.1,13.6,3.1,19.1,16.2"
2023-05-26 09:31:59,15.0,60.2,18.5,309,"28.6,18.5,21.5,18.2,9.2,13.8,24.6,13.6"
2023-05-26 09:32:01,23.2,60.1,17.07,309,"39.7,15.4,20.3,12.1,15.6,4.7,17.9,10.9"
2023-05-26 09:32:03,9.9,60.1,21.27,310,"20.6,20.0,27.7,18.5,26.2,6.2,20.0,31.0"
2023-05-26 09:32:05,14.6,60.2,18.5,310,"34.3,13.8,18.5,16.9,13.8,12.3,21.7,16.7"
2023-05-26 09:32:07,10.5,60.2,16.7,310,"28.6,15.4,12.5,14.9,12.5,9.4,22.4,17.9"
2023-05-26 09:32:09,20.1,60.2,33.19,310,"47.2,39.4,31.8,32.3,30.8,27.7,34.8,21.5"
2023-05-26 09:32:11,29.3,60.3,11.35,310,"31.1,9.2,12.3,7.7,6.2,4.6,13.6,6.1"
2023-05-26 09:32:13,25.7,60.3,26.09,310,"40.3,21.9,26.6,23.4,21.9,18.8,28.1,27.7"
2023-05-26 09:32:15,24.2,60.1,26.12,311,"26.5,29.2,38.8,23.1,27.7,20.3,23.4,20.0"
2023-05-26 09:32:17,27.5,60.3,13.84,310,"28.6,13.8,13.8,6.2,16.7,3.1,12.3,16.2"
2023-05-26 09:32:19,10.4,60.2,24.31,310,"32.8,25.0,26.6,25.0,21.9,15.4,26.6,21.2"
2023-05-26 09:32:21,16.6,60.2,22.52,308,"34.7,18.5,20.0,20.0,18.5,18.5,25.4,24.6"
2023-05-26 09:32:23,17.3,60.2,17.4,309,"25.0,15.4,24.6,18.2,16.7,4.6,22.4,12.3"
2023-05-26 09:32:25,15.6,60.1,21.49,310,"37.7,16.9,23.1,20.0,15.4,9.2,28.4,21.2"
2023-05-26 09:32:28,15.4,60.1,21.82,313,"34.2,18.5,15.4,21.5,29.2,9.2,21.2,25.4"
2023-05-26 09:32:30,33.0,60.1,33.15,311,"41.1,27.7,36.9,41.5,38.5,15.4,33.3,30.8"
2023-05-26 09:32:32,31.8,60.2,16.74,308,"35.7,12.5,18.8,12.5,12.5,7.8,20.3,13.8"
2023-05-26 09:32:34,17.3,60.3,32.99,310,"41.8,39.1,34.4,31.2,26.6,15.6,41.4,33.8"
2023-05-26 09:32:36,29.5,59.7,15.19,307,"42.3,15.2,13.8,4.6,9.2,9.2,13.6,13.6"
2023-05-26 09:32:38,16.3,59.5,13.24,307,"26.4,12.3,18.5,6.2,10.8,6.2,10.8,14.7"
2023-05-26 09:32:40,23.0,59.5,14.4,307,"21.7,16.7,12.3,4.6,12.3,3.1,22.4,22.1"
2023-05-26 09:32:42,25.7,59.4,15.31,307,"42.9,9.2,10.8,10.8,10.8,7.7,16.9,13.4"
2023-05-26 09:32:44,12.9,59.4,17.81,307,"30.4,14.1,21.9,20.0,20.3,9.4,17.2,9.2"
2023-05-26 09:32:46,12.9,59.4,12.84,307,"19.7,12.5,12.5,10.6,10.9,7.8,13.8,14.9"
2023-05-26 09:32:48,23.6,59.3,20.42,307,"40.8,21.7,18.2,10.8,12.3,4.6,30.8,24.2"
2023-05-26 09:32:50,13.6,59.3,11.51,307,"29.7,12.3,7.7,6.2,6.2,6.2,10.6,13.2"
2023-05-26 09:32:52,23.6,59.4,15.22,307,"27.3,23.9,18.5,6.2,13.8,7.7,13.8,10.6"
2023-05-26 09:32:54,18.3,59.2,12.85,307,"26.4,15.4,6.2,14.7,7.7,6.2,10.8,15.4"
2023-05-26 09:32:56,13.1,58.8,26.69,307,"26.5,21.5,33.8,41.8,28.4,16.9,27.7,16.9"
2023-05-26 09:32:58,17.4,58.8,19.04,307,"22.1,21.5,16.9,17.9,18.5,16.9,23.1,15.4"
2023-05-26 09:33:00,40.2,59.2,15.28,307,"21.7,18.8,10.9,9.2,12.5,10.9,21.5,16.7"
2023-05-26 09:33:02,30.8,59.2,41.55,307,"56.6,43.8,50.8,32.8,42.2,31.2,35.9,39.1"
2023-05-26 09:33:04,30.9,59.3,35.57,307,"45.7,41.5,43.1,29.2,30.8,24.6,40.3,29.4"
2023-05-26 09:33:06,21.3,59.7,15.51,307,"35.2,10.8,18.5,13.6,13.8,9.2,13.8,9.2"
2023-05-26 09:33:08,16.3,59.6,16.91,307,"30.6,23.1,21.5,20.0,10.8,3.1,15.4,10.8"
2023-05-26 09:33:10,23.6,59.6,14.37,307,"38.7,13.8,10.8,9.1,12.3,4.6,14.9,10.8"
2023-05-26 09:33:12,17.1,59.6,18.59,306,"35.2,26.2,18.8,12.5,17.2,10.9,18.5,9.4"
2023-05-26 09:33:14,14.2,59.2,14.52,306,"27.8,20.0,13.8,16.2,13.8,7.7,12.3,4.6"
2023-05-26 09:33:16,18.0,59.1,24.41,306,"26.5,23.1,37.1,27.7,21.5,18.2,15.4,25.8"
2023-05-26 09:33:18,10.6,59.0,12.71,306,"16.4,10.9,15.6,9.2,10.9,4.7,12.3,21.7"
2023-05-26 09:33:20,15.1,58.9,26.16,306,"37.3,21.9,25.0,35.4,23.4,21.5,29.2,15.6"
2023-05-26 09:33:22,17.6,58.8,21.8,306,"23.9,20.3,21.9,21.5,21.9,15.6,25.8,23.5"
2023-05-26 09:33:25,14.5,58.8,17.22,306,"31.9,22.7,21.2,13.6,21.2,3.1,12.3,11.8"
2023-05-26 09:33:27,19.3,58.8,32.39,307,"41.7,24.6,32.3,34.8,37.9,26.2,35.4,26.2"
2023-05-26 09:33:29,17.7,59.0,16.24,306,"20.0,14.1,20.3,18.2,14.1,10.8,17.2,15.2"
2023-05-26 09:33:31,27.9,59.0,10.69,306,"25.7,7.7,10.8,7.5,9.2,1.5,18.5,4.6"
2023-05-26 09:33:33,21.3,59.0,16.36,306,"36.0,10.8,26.2,10.8,13.8,3.1,12.3,17.9"
2023-05-26 09:33:35,20.3,59.3,17.69,306,"32.9,12.3,18.5,10.8,19.7,12.1,20.0,15.2"
2023-05-26 09:33:37,35.0,59.4,35.77,308,"39.1,37.9,47.1,32.3,32.3,23.1,40.6,33.8"
2023-05-26 09:33:39,23.7,59.3,14.06,306,"27.1,10.8,15.4,13.6,19.4,4.6,10.8,10.8"
2023-05-26 09:33:41,27.7,59.1,67.03,306,"70.0,67.6,65.2,73.1,63.6,57.6,73.9,65.2"
2023-05-26 09:33:43,23.8,59.9,23.93,305,"23.5,16.9,30.8,31.8,22.7,13.8,28.8,23.1"
2023-05-26 09:33:45,54.7,59.9,67.54,305,"74.3,66.7,72.3,70.1,61.5,64.6,66.2,64.6"
2023-05-26 09:33:47,38.4,61.1,15.85,305,"23.5,18.5,21.5,13.4,7.7,9.2,19.4,13.6"
2023-05-26 09:33:49,23.3,60.9,29.42,305,"47.9,22.7,30.3,27.7,32.3,21.5,24.2,28.8"
2023-05-26 09:33:51,15.5,61.2,14.05,305,"28.2,10.8,21.5,12.1,12.3,7.6,12.3,7.6"
2023-05-26 09:33:53,35.9,61.2,40.92,306,"52.8,33.8,50.0,44.6,46.2,27.7,38.5,33.8"
2023-05-26 09:33:55,38.9,61.1,20.56,306,"37.0,18.8,26.6,13.8,17.2,15.6,20.3,15.2"
2023-05-26 09:33:57,18.4,60.7,14.16,306,"43.4,13.8,12.3,7.7,4.6,3.1,15.2,13.2"
2023-05-26 09:33:59,37.5,60.5,17.5,306,"39.4,16.9,16.7,18.2,10.8,6.2,19.7,12.1"
2023-05-26 09:34:01,16.9,60.4,20.49,306,"26.9,12.5,31.8,24.6,20.3,7.8,21.5,18.5"
2023-05-26 09:34:03,25.1,60.4,16.49,306,"39.7,9.4,21.9,12.5,15.6,4.7,17.2,10.9"
2023-05-26 09:34:05,39.2,60.4,26.25,309,"25.4,29.2,41.5,23.1,26.2,18.5,21.5,24.6"
2023-05-26 09:34:07,27.8,60.5,39.5,308,"42.6,30.8,50.0,44.6,38.5,24.6,45.5,39.4"
2023-05-26 09:34:09,18.5,61.0,20.39,308,"29.4,21.5,27.7,21.5,21.5,12.3,13.8,15.4"
2023-05-26 09:34:11,35.2,61.1,19.76,308,"37.0,15.4,24.6,15.2,23.1,9.2,16.7,16.9"
2023-05-26 09:34:13,27.4,61.0,73.09,311,"71.2,74.2,73.8,78.5,75.4,71.6,69.2,70.8"
2023-05-26 09:34:15,60.1,61.2,39.69,311,"59.7,34.4,50.0,42.2,40.6,25.0,40.6,25.0"
2023-05-26 09:34:17,49.0,61.4,38.61,310,"38.5,39.1,35.9,59.4,34.4,33.8,37.5,30.3"
2023-05-26 09:34:19,53.1,62.1,90.62,310,"94.0,90.8,89.2,92.4,89.2,90.9,86.2,92.3"
2023-05-26 09:34:22,56.5,62.9,88.6,312,"89.6,89.2,87.7,87.5,86.2,88.6,89.2,90.8"
2023-05-26 09:34:24,90.7,62.9,93.97,312,"97.1,92.4,95.3,95.4,92.2,90.3,93.8,95.3"
2023-05-26 09:34:26,59.3,62.7,36.52,312,"35.8,29.7,40.6,33.8,43.8,38.0,42.4,28.1"
2023-05-26 09:34:28,40.7,62.3,30.65,311,"31.4,20.0,50.8,21.5,52.3,15.4,20.0,33.8"
2023-05-26 09:34:30,53.0,62.4,61.19,313,"67.2,50.8,79.2,46.2,61.5,61.5,60.0,63.1"
2023-05-26 09:34:32,51.3,62.6,35.45,312,"33.8,32.8,71.6,17.2,45.3,17.2,39.1,26.6"
2023-05-26 09:34:34,28.1,62.7,47.61,312,"59.4,37.5,64.3,46.2,53.1,29.7,42.2,48.5"
2023-05-26 09:34:36,26.5,62.7,18.14,312,"25.7,16.9,24.6,21.2,21.5,9.2,15.2,10.8"
2023-05-26 09:34:38,43.9,62.6,25.34,312,"32.8,18.8,35.9,15.2,34.4,20.3,31.2,14.1"
2023-05-26 09:34:40,40.9,62.7,29.95,312,"28.8,37.5,20.3,20.3,52.9,26.6,26.6,26.6"
2023-05-26 09:34:42,52.4,62.7,44.1,312,"53.7,40.0,37.5,37.5,60.6,34.4,42.2,46.9"
2023-05-26 09:34:44,28.9,62.7,51.31,312,"53.0,40.0,50.0,50.0,58.5,46.9,46.9,65.2"
2023-05-26 09:34:46,70.2,63.1,59.29,312,"66.2,60.3,65.6,54.7,48.4,51.6,63.1,64.4"
2023-05-26 09:34:48,47.7,62.9,23.1,312,"33.3,10.8,30.8,23.1,29.9,12.3,23.1,21.5"
2023-05-26 09:34:50,33.8,62.8,58.59,312,"58.5,57.6,53.8,61.5,68.2,47.7,53.8,67.6"
2023-05-26 09:34:52,55.5,63.9,41.8,312,"41.2,29.2,43.1,40.0,46.2,36.9,43.1,54.7"
2023-05-26 09:34:55,72.3,64.0,75.29,313,"73.1,78.1,76.6,81.2,73.4,71.9,67.2,80.8"
2023-05-26 09:34:57,89.6,64.8,49.89,313,"52.2,40.9,46.2,50.8,52.3,40.0,64.6,52.1"
2023-05-26 09:34:59,34.5,65.7,47.67,312,"58.6,41.5,43.1,44.6,44.6,43.9,46.2,58.9"
2023-05-26 09:35:01,20.5,64.3,33.56,312,"40.3,21.9,32.3,32.3,36.9,28.1,32.8,43.9"
2023-05-26 09:35:03,20.4,63.8,33.46,312,"55.3,26.6,45.3,35.9,25.0,15.6,35.9,28.1"
2023-05-26 09:35:05,28.4,63.8,29.7,312,"33.3,27.7,34.4,20.3,42.2,18.8,28.1,32.8"
2023-05-26 09:35:07,30.6,63.7,20.6,312,"32.4,18.5,24.6,50.8,18.5,4.6,9.2,6.2"
2023-05-26 09:35:09,22.8,64.1,27.46,311,"42.7,29.2,38.5,23.1,24.6,15.4,27.7,18.5"
2023-05-26 09:35:11,51.5,63.5,29.88,310,"53.3,24.6,26.2,16.9,32.3,27.7,27.7,30.3"
2023-05-26 09:35:13,33.3,63.5,48.35,310,"59.2,36.9,52.3,52.2,55.4,43.1,41.5,46.2"
2023-05-26 09:35:15,25.9,64.0,33.65,310,"52.1,23.4,37.5,28.1,37.5,29.7,31.2,29.7"
2023-05-26 09:35:17,31.1,63.6,28.35,309,"40.6,35.4,33.8,30.8,30.8,10.8,20.0,24.6"
2023-05-26 09:35:19,36.6,63.6,60.48,309,"72.7,56.7,73.8,58.5,63.6,52.3,50.8,55.4"
2023-05-26 09:35:21,58.4,63.6,58.24,309,"68.4,62.1,56.9,53.8,66.2,46.2,67.7,44.6"
2023-05-26 09:35:23,72.1,63.6,64.61,309,"69.4,60.0,73.4,73.4,59.4,64.1,59.4,57.8"
2023-05-26 09:35:25,71.0,63.1,55.82,308,"72.8,53.8,70.8,53.8,47.7,47.7,53.8,46.2"
2023-05-26 09:35:27,31.7,63.0,19.05,308,"33.8,35.4,43.1,9.2,15.4,6.2,6.2,3.1"
2023-05-26 09:35:29,34.0,62.6,27.72,308,"51.9,41.5,31.8,21.5,16.9,15.4,29.2,13.6"
2023-05-26 09:35:31,22.0,62.7,24.69,308,"28.2,20.0,35.4,15.4,15.4,20.0,24.6,38.5"
2023-05-26 09:35:33,32.6,62.6,29.15,308,"36.2,28.1,42.2,28.1,18.8,26.6,34.4,18.8"
2023-05-26 09:35:35,23.0,62.6,32.04,308,"48.6,37.5,29.7,45.3,25.0,31.2,28.1,10.9"
2023-05-26 09:35:37,34.1,62.9,21.06,309,"33.3,7.7,35.4,27.7,18.2,10.8,23.1,12.3"
2023-05-26 09:35:39,22.7,62.9,23.4,309,"32.4,29.7,26.6,28.1,26.6,18.8,15.6,9.4"
2023-05-26 09:35:41,38.2,62.6,41.44,311,"58.7,24.2,40.0,55.4,40.0,29.2,40.9,43.1"
2023-05-26 09:35:43,35.4,63.0,26.95,311,"45.3,10.9,23.4,29.7,28.1,18.8,26.6,32.8"
2023-05-26 09:35:46,36.8,63.0,37.71,311,"37.1,36.9,27.7,38.5,36.9,41.5,46.2,36.9"
2023-05-26 09:35:48,28.2,63.3,24.31,311,"42.5,22.7,24.6,26.2,24.6,10.8,15.4,27.7"
2023-05-26 09:35:50,25.6,63.3,25.31,311,"40.0,15.6,21.9,20.3,20.3,18.8,32.8,32.8"
2023-05-26 09:35:52,23.9,63.1,21.41,311,"33.8,28.1,34.4,17.2,21.9,12.5,12.5,10.9"
2023-05-26 09:35:54,30.2,63.1,33.86,311,"55.3,30.8,46.2,26.2,38.5,23.1,27.7,23.1"
2023-05-26 09:35:56,36.1,63.5,34.95,310,"48.1,23.1,38.5,46.2,27.3,27.7,35.4,33.3"
2023-05-26 09:35:58,41.0,63.5,43.41,311,"62.8,33.8,55.4,41.5,43.1,33.8,44.6,32.3"
2023-05-26 09:36:00,27.3,63.5,26.75,311,"33.3,36.4,21.5,35.4,24.2,18.5,26.2,18.5"
2023-05-26 09:36:02,25.6,63.5,26.38,311,"36.1,53.1,28.1,35.9,9.4,10.9,20.3,17.2"
2023-05-26 09:36:04,27.1,63.2,26.34,311,"24.3,24.2,30.8,34.8,18.5,26.2,24.2,27.7"
2023-05-26 09:36:06,40.4,63.0,57.99,314,"60.9,64.1,67.2,60.9,56.2,50.0,56.2,48.4"
2023-05-26 09:36:08,30.1,63.6,20.89,312,"31.9,43.1,26.2,24.6,12.3,7.7,13.6,7.7"
2023-05-26 09:36:10,52.1,63.4,77.06,312,"84.5,72.7,69.7,81.8,74.2,74.2,80.6,78.8"
2023-05-26 09:36:12,55.6,63.2,39.74,314,"42.9,39.1,43.8,50.0,35.9,35.9,37.5,32.8"
2023-05-26 09:36:14,22.0,63.4,25.35,314,"41.9,26.6,23.4,29.7,15.6,14.1,31.2,20.3"
2023-05-26 09:36:16,30.1,63.5,31.56,314,"42.3,36.4,40.0,29.2,27.7,21.5,20.0,35.4"
2023-05-26 09:36:18,22.3,63.2,28.06,314,"29.6,34.4,27.7,42.2,25.0,10.9,25.0,29.7"
2023-05-26 09:36:20,21.7,63.1,23.05,314,"36.0,25.0,17.2,45.3,15.6,10.9,15.6,18.8"
2023-05-26 09:36:22,28.4,63.2,21.8,314,"28.2,26.2,16.9,18.5,13.8,10.8,16.9,43.1"
2023-05-26 09:36:24,22.6,63.1,44.79,314,"60.5,43.1,54.7,50.0,42.2,23.4,43.8,40.6"
2023-05-26 09:36:26,33.4,63.2,67.16,314,"77.8,65.2,67.7,70.8,56.9,73.8,61.5,63.6"
2023-05-26 09:36:28,85.1,63.3,33.59,314,"38.6,21.5,35.4,47.7,24.6,36.9,34.8,29.2"
2023-05-26 09:36:30,29.0,63.2,22.56,314,"46.7,20.0,27.7,29.2,18.5,9.2,21.5,7.7"
2023-05-26 09:36:32,30.4,63.2,23.7,314,"38.9,15.4,32.3,13.8,23.1,24.6,24.6,16.9"
2023-05-26 09:36:34,25.3,63.2,23.79,314,"34.3,22.4,26.2,38.5,10.8,12.3,24.6,21.2"
2023-05-26 09:36:36,34.0,63.2,25.92,314,"41.7,28.1,18.8,34.4,26.6,10.9,29.7,17.2"
2023-05-26 09:36:39,27.3,63.2,30.55,314,"41.9,34.8,33.8,30.8,15.4,32.3,29.2,26.2"
2023-05-26 09:36:41,26.5,63.2,28.45,314,"26.0,44.6,27.7,20.0,20.0,24.6,26.2,38.5"
2023-05-26 09:36:43,27.0,63.1,18.3,314,"27.7,3.1,23.4,9.4,14.1,4.7,35.9,28.1"
2023-05-26 09:36:45,23.6,63.1,27.78,314,"41.1,20.3,21.9,25.0,31.2,23.4,35.9,23.4"
2023-05-26 09:36:47,19.9,63.5,27.45,314,"42.7,30.8,26.2,21.5,27.7,21.5,20.0,29.2"
2023-05-26 09:36:49,24.1,63.7,36.14,314,"50.0,21.9,39.1,26.6,34.4,35.9,50.0,31.2"
2023-05-26 09:36:51,26.0,63.7,23.9,314,"44.4,23.4,23.4,12.5,25.0,12.5,21.9,28.1"
2023-05-26 09:36:53,29.2,63.2,20.76,314,"46.1,26.2,6.2,9.2,33.8,21.5,10.8,12.3"
2023-05-26 09:36:55,21.2,63.3,25.89,313,"34.7,29.2,30.8,38.5,10.8,23.1,20.0,20.0"
2023-05-26 09:36:57,28.2,63.1,32.66,312,"43.1,32.3,32.8,25.0,31.2,34.4,34.4,28.1"
2023-05-26 09:36:59,25.2,63.2,32.64,312,"29.9,46.9,35.9,29.7,37.5,25.0,35.9,20.3"
2023-05-26 09:37:01,59.8,63.5,60.62,317,"60.3,60.6,62.5,75.0,59.4,46.9,70.3,50.0"
2023-05-26 09:37:03,68.8,63.7,81.1,315,"87.1,82.1,84.4,90.6,70.3,78.1,75.0,81.2"
2023-05-26 09:37:05,43.3,63.5,30.29,312,"42.5,31.2,20.3,40.6,31.2,28.1,31.2,17.2"
2023-05-26 09:37:07,34.3,63.4,41.9,312,"49.3,53.1,43.8,60.9,40.6,35.9,26.6,25.0"
2023-05-26 09:37:09,22.7,63.4,19.09,313,"32.9,13.8,20.0,33.8,13.8,9.2,15.4,13.8"
2023-05-26 09:37:11,41.0,63.5,28.72,312,"34.8,21.5,46.2,29.2,27.3,23.1,21.5,26.2"
2023-05-26 09:37:13,27.9,63.4,20.85,312,"31.9,23.4,15.4,23.1,26.6,13.8,15.4,17.2"
2023-05-26 09:37:15,23.6,63.4,25.51,312,"53.4,27.7,20.0,23.1,13.8,15.4,21.5,29.2"
2023-05-26 09:37:17,35.2,63.3,37.44,313,"47.1,18.5,46.2,29.2,50.8,32.3,49.2,26.2"
2023-05-26 09:37:19,25.9,63.4,20.31,313,"27.1,20.0,33.8,36.9,23.1,4.6,6.2,10.8"
2023-05-26 09:37:21,21.8,63.3,22.5,313,"29.2,18.5,13.8,20.0,26.2,23.1,29.2,20.0"
2023-05-26 09:37:23,22.9,63.3,20.76,313,"38.4,18.5,16.9,12.3,13.8,20.0,30.8,15.4"
2023-05-26 09:37:25,26.0,63.3,38.5,314,"54.2,27.7,49.2,32.3,36.9,49.2,35.4,23.1"
2023-05-26 09:37:27,27.7,63.3,31.82,314,"39.4,32.8,20.3,57.8,23.4,25.0,21.5,34.4"
2023-05-26 09:37:29,34.1,63.3,20.47,314,"26.1,14.1,4.7,34.4,18.8,14.1,21.9,29.7"
2023-05-26 09:37:31,33.0,63.3,31.16,313,"61.6,23.1,41.5,23.1,27.7,23.1,29.2,20.0"
2023-05-26 09:37:33,20.6,63.3,19.72,313,"48.6,40.0,16.9,12.3,12.3,10.8,7.7,9.2"
2023-05-26 09:37:35,22.4,63.3,21.71,313,"29.0,23.1,35.4,38.5,10.8,9.2,18.5,9.2"
2023-05-26 09:37:37,21.7,63.3,21.6,313,"25.0,18.5,38.5,20.0,15.4,16.9,20.0,18.5"
2023-05-26 09:37:39,23.6,63.2,29.1,313,"50.0,25.0,26.6,46.9,21.9,6.2,25.0,31.2"
2023-05-26 09:37:41,39.2,63.3,19.56,312,"29.2,12.3,6.2,56.9,21.2,13.8,9.2,7.7"
2023-05-26 09:37:43,28.5,62.7,24.03,311,"33.8,41.5,12.3,26.2,21.5,21.5,18.5,16.9"
2023-05-26 09:37:46,19.4,62.9,21.55,311,"28.6,37.5,9.4,20.3,15.6,14.1,20.3,26.6"
2023-05-26 09:37:48,28.3,62.9,40.36,310,"53.6,40.9,49.2,36.9,50.0,30.8,24.6,36.9"
2023-05-26 09:37:50,22.7,62.7,33.01,310,"32.9,23.4,31.2,45.3,29.7,29.7,34.4,37.5"
2023-05-26 09:37:52,23.1,62.7,43.23,310,"58.1,46.9,43.1,65.6,40.6,21.9,44.6,25.0"
2023-05-26 09:37:54,30.9,62.6,23.62,310,"26.5,10.9,17.2,18.8,39.1,9.4,31.2,35.9"
2023-05-26 09:37:56,20.1,62.6,20.59,310,"33.3,20.3,34.4,9.4,9.4,9.4,26.6,21.9"
2023-05-26 09:37:58,22.3,62.6,25.55,309,"30.6,20.0,41.5,29.2,15.4,12.3,27.7,27.7"
2023-05-26 09:38:00,20.5,62.5,23.76,309,"34.3,32.8,15.6,23.4,15.6,18.8,25.0,24.6"
2023-05-26 09:38:02,21.3,62.8,20.05,309,"32.9,13.8,20.0,13.8,12.3,13.8,21.5,32.3"
2023-05-26 09:38:04,23.0,62.7,29.24,309,"43.1,30.8,27.7,36.9,24.6,18.5,29.2,23.1"
2023-05-26 09:38:06,27.0,62.7,30.74,310,"27.5,31.2,46.9,48.4,26.6,18.8,26.2,20.3"
2023-05-26 09:38:08,22.1,62.6,25.43,310,"48.6,26.6,26.6,25.0,12.5,18.8,15.6,29.7"
2023-05-26 09:38:10,21.5,62.8,21.51,310,"47.4,16.9,15.4,23.1,20.0,3.1,23.1,23.1"
2023-05-26 09:38:12,26.3,62.8,18.14,309,"26.5,6.2,7.7,12.3,26.2,7.7,15.4,43.1"
2023-05-26 09:38:14,38.4,63.0,18.87,309,"18.6,23.1,30.8,23.1,26.2,13.8,7.7,7.7"
2023-05-26 09:38:16,24.4,62.7,19.38,309,"14.9,26.2,10.8,9.2,23.1,15.4,35.4,20.0"
2023-05-26 09:38:18,22.4,62.5,21.09,309,"21.1,24.6,9.2,41.5,33.8,15.4,12.3,10.8"
2023-05-26 09:38:20,22.7,62.5,19.77,309,"33.3,31.2,31.2,32.8,6.2,1.6,14.1,7.8"
2023-05-26 09:38:22,21.4,62.4,19.07,309,"29.6,44.6,20.0,12.3,12.3,9.2,16.9,7.7"
2023-05-26 09:38:24,26.1,62.4,21.39,309,"28.2,13.8,20.0,10.8,21.5,13.8,33.8,29.2"
2023-05-26 09:38:26,21.2,62.4,40.86,309,"47.8,35.4,56.1,56.9,36.9,29.2,32.3,32.3"
2023-05-26 09:38:28,35.6,62.5,27.39,309,"32.9,26.2,56.9,16.9,20.0,18.5,23.1,24.6"
2023-05-26 09:38:30,36.3,62.5,44.48,309,"45.8,46.9,50.0,50.0,53.8,40.6,40.6,28.1"
2023-05-26 09:38:32,25.8,62.5,20.71,309,"38.0,33.8,15.4,35.4,10.8,10.8,16.9,4.6"
2023-05-26 09:38:34,27.1,62.5,35.77,309,"47.1,34.4,45.3,40.6,34.4,25.0,26.6,32.8"
2023-05-26 09:38:36,19.8,62.4,28.39,308,"33.3,24.6,30.8,56.9,16.9,24.6,16.9,23.1"
2023-05-26 09:38:38,22.6,62.3,23.59,308,"40.8,21.9,29.7,12.5,20.0,13.8,28.1,21.9"
2023-05-26 09:38:40,19.0,62.3,20.0,308,"32.4,29.2,16.9,24.6,16.9,12.3,20.0,7.7"
2023-05-26 09:38:42,23.0,62.3,21.51,308,"30.6,21.5,36.9,27.7,15.4,7.7,21.5,10.8"
2023-05-26 09:38:44,21.4,62.3,19.15,308,"22.5,15.4,9.2,13.8,23.1,20.0,24.6,24.6"
2023-05-26 09:38:46,20.5,62.3,22.7,308,"32.4,33.8,35.4,15.4,21.5,10.8,18.5,13.8"
2023-05-26 09:38:48,22.5,62.3,23.19,308,"44.9,12.5,43.8,15.6,15.6,17.2,15.6,20.3"
2023-05-26 09:38:51,27.9,62.3,22.2,308,"26.8,26.2,21.5,36.9,15.4,18.5,23.1,9.2"
2023-05-26 09:38:53,22.7,62.4,19.1,308,"32.9,24.6,6.2,12.3,32.3,16.9,13.8,13.8"
2023-05-26 09:38:55,20.9,62.4,34.57,310,"43.2,42.2,51.6,28.1,31.2,24.6,33.8,21.9"
2023-05-26 09:38:57,30.2,62.5,24.79,308,"34.3,37.5,23.4,29.7,12.5,25.0,15.6,20.3"
2023-05-26 09:38:59,23.1,62.5,23.76,308,"38.6,21.9,21.9,39.1,12.5,26.6,12.3,17.2"
2023-05-26 09:39:01,24.2,62.4,21.44,308,"41.7,26.6,21.9,26.6,9.4,12.5,15.6,17.2"
2023-05-26 09:39:03,21.0,62.4,19.75,308,"31.4,18.8,15.6,42.2,14.1,3.1,9.4,23.4"
2023-05-26 09:39:05,26.3,62.4,22.54,308,"52.2,18.8,21.9,32.8,12.5,6.2,10.9,25.0"
2023-05-26 09:39:07,24.1,62.3,18.85,308,"29.0,15.6,4.7,3.1,31.2,26.6,23.4,17.2"
2023-05-26 09:39:09,37.1,62.3,26.79,309,"34.3,36.9,40.0,27.7,30.8,9.2,20.0,15.4"
2023-05-26 09:39:11,22.4,62.6,20.94,307,"26.1,18.5,29.2,15.2,23.1,18.5,15.4,21.5"
2023-05-26 09:39:13,24.5,62.6,35.89,307,"47.1,41.5,38.5,24.6,40.0,23.1,41.5,30.8"
2023-05-26 09:39:15,23.8,63.0,22.59,307,"33.8,18.8,15.6,20.3,25.0,23.4,21.9,21.9"
2023-05-26 09:39:17,49.1,63.1,29.36,306,"34.8,21.9,31.2,50.0,26.6,18.8,25.0,26.6"
2023-05-26 09:39:19,25.3,62.9,24.09,306,"50.7,35.9,25.0,17.2,10.9,6.2,23.4,23.4"
2023-05-26 09:39:21,20.6,62.5,19.86,306,"34.2,15.4,30.8,35.4,18.5,9.2,9.2,6.2"
2023-05-26 09:39:23,22.3,62.4,19.84,306,"22.7,18.8,21.9,7.8,26.6,20.3,31.2,9.4"
2023-05-26 09:39:25,22.3,62.4,20.37,306,"24.6,9.2,21.5,6.2,40.0,24.6,29.2,7.7"
2023-05-26 09:39:27,21.1,62.4,32.12,306,"52.7,29.2,40.0,43.1,22.7,24.6,26.2,18.5"
2023-05-26 09:39:29,35.7,62.5,27.32,306,"38.7,21.5,21.5,21.5,40.0,18.5,24.6,32.3"
2023-05-26 09:39:31,38.0,62.4,20.51,306,"36.5,16.9,13.8,16.9,24.6,23.1,12.3,20.0"
2023-05-26 09:39:33,24.6,62.4,19.76,306,"35.1,9.2,7.7,7.7,10.8,32.3,33.8,21.5"
2023-05-26 09:39:35,23.6,62.4,22.96,306,"45.3,20.0,21.5,24.6,12.3,20.0,26.2,13.8"
2023-05-26 09:39:37,27.1,62.4,39.9,306,"61.3,39.1,32.8,57.8,43.8,31.2,26.6,26.6"
2023-05-26 09:39:39,22.3,62.4,19.49,305,"35.7,35.9,42.2,9.4,10.9,6.2,4.7,10.9"
2023-05-26 09:39:41,26.8,62.3,19.83,305,"35.6,20.0,21.5,13.8,27.7,12.3,15.4,12.3"
2023-05-26 09:39:43,25.4,62.3,20.98,304,"35.6,27.7,21.5,27.7,9.2,21.5,12.3,12.3"
2023-05-26 09:39:45,25.0,62.3,22.24,304,"27.1,35.4,12.3,21.5,15.4,21.5,26.2,18.5"
2023-05-26 09:39:48,23.6,62.2,26.24,304,"38.0,26.6,29.7,23.4,17.2,18.8,32.8,23.4"
2023-05-26 09:39:50,20.8,62.3,20.69,304,"23.5,12.5,14.1,14.1,21.9,15.6,20.0,43.8"
2023-05-26 09:39:52,23.3,62.4,17.41,303,"30.0,18.5,6.2,24.6,10.8,10.8,24.6,13.8"
2023-05-26 09:39:54,29.4,62.3,21.64,303,"36.2,26.2,24.6,27.7,18.5,12.3,13.8,13.8"
2023-05-26 09:39:56,22.1,62.3,21.8,303,"27.5,18.8,17.2,23.4,20.3,31.2,21.9,14.1"
2023-05-26 09:39:58,23.3,62.3,32.21,305,"40.5,28.1,43.8,37.5,25.0,20.3,26.6,35.9"
2023-05-26 09:40:00,33.1,62.4,22.67,303,"33.8,30.8,20.0,13.8,16.9,15.4,29.2,21.5"
2023-05-26 09:40:02,24.1,62.4,18.9,303,"25.0,47.7,10.8,30.8,13.8,3.1,12.3,7.7"
2023-05-26 09:40:04,23.7,62.6,21.6,303,"33.8,6.2,18.8,51.6,20.3,15.6,20.3,6.2"
2023-05-26 09:40:06,37.5,62.6,29.82,304,"38.6,39.1,43.8,31.2,12.5,32.8,28.1,12.5"
2023-05-26 09:40:08,18.2,62.5,20.35,304,"36.2,9.4,23.4,39.1,18.8,6.2,18.8,10.9"
2023-05-26 09:40:10,23.9,62.5,24.59,304,"27.5,23.1,18.5,36.9,32.3,27.7,13.8,16.9"
2023-05-26 09:40:12,19.6,62.4,19.85,304,"29.6,33.8,41.5,20.0,4.6,6.2,18.5,4.6"
2023-05-26 09:40:14,21.3,62.4,19.32,304,"42.3,15.4,20.0,21.5,13.8,18.5,15.4,7.7"
2023-05-26 09:40:16,25.7,62.4,25.61,305,"47.2,35.9,25.0,40.6,20.3,10.9,15.6,9.4"
2023-05-26 09:40:18,20.2,62.4,22.7,305,"47.3,28.1,7.8,28.1,20.3,26.6,12.5,10.9"
2023-05-26 09:40:20,49.4,62.5,27.19,305,"37.7,20.3,26.6,39.1,14.1,25.0,12.5,42.2"
2023-05-26 09:40:22,18.8,61.8,20.56,305,"33.8,29.2,13.8,10.8,33.8,4.6,15.4,23.1"
2023-05-26 09:40:24,21.3,61.9,19.36,305,"28.8,49.2,27.7,20.0,9.2,10.8,4.6,4.6"
2023-05-26 09:40:26,22.9,62.0,20.79,305,"25.7,15.6,32.8,42.2,20.3,9.4,15.6,4.7"
2023-05-26 09:40:28,21.6,61.9,33.88,305,"48.6,33.8,36.9,21.5,33.8,26.2,30.8,39.4"
2023-05-26 09:40:30,29.5,61.9,29.44,305,"41.7,29.7,28.1,17.2,26.6,21.9,42.2,28.1"
2023-05-26 09:40:32,53.3,61.9,29.18,308,"33.8,25.0,34.4,54.7,20.3,30.8,20.3,14.1"
2023-05-26 09:40:34,21.6,62.0,21.99,307,"41.7,12.5,9.4,28.1,17.2,9.2,32.8,25.0"
2023-05-26 09:40:36,22.3,61.9,24.11,306,"31.3,30.8,27.7,23.1,16.9,30.8,13.8,18.5"
2023-05-26 09:40:38,23.7,61.9,21.64,306,"21.5,35.9,37.5,29.7,7.8,9.4,21.9,9.4"
2023-05-26 09:40:40,28.2,61.8,39.23,306,"50.7,33.8,49.2,36.9,46.2,30.8,40.0,26.2"
2023-05-26 09:40:42,23.3,62.0,18.56,306,"28.6,29.2,23.1,21.5,4.6,3.1,29.2,9.2"
2023-05-26 09:40:45,23.0,61.8,19.31,306,"26.8,21.5,30.8,43.1,12.3,1.5,12.3,6.2"
2023-05-26 09:40:47,21.0,61.8,20.53,306,"36.5,18.5,24.6,36.9,12.3,3.1,21.5,10.8"
2023-05-26 09:40:49,21.5,61.8,23.79,306,"33.3,36.9,23.1,18.5,32.3,18.5,15.4,12.3"
2023-05-26 09:40:51,19.4,61.8,28.06,306,"33.8,34.4,21.9,14.1,21.9,32.8,29.7,35.9"
2023-05-26 09:40:53,21.9,61.8,20.49,306,"27.1,24.6,32.3,7.7,16.9,27.7,13.8,13.8"
2023-05-26 09:40:55,22.0,61.8,18.44,306,"35.2,24.6,12.3,40.0,12.3,3.1,7.7,12.3"
2023-05-26 09:40:57,35.2,61.8,18.18,306,"30.0,10.8,26.2,27.7,13.8,12.3,9.2,15.4"
2023-05-26 09:40:59,21.4,61.8,20.26,306,"45.2,13.8,4.6,27.7,26.2,9.2,16.9,18.5"
2023-05-26 09:41:01,22.6,61.7,34.77,308,"45.8,30.8,36.9,46.2,23.1,24.6,35.4,35.4"
2023-05-26 09:41:03,27.1,61.8,18.59,306,"14.9,26.2,16.9,9.2,20.0,15.4,16.9,29.2"
2023-05-26 09:41:05,20.6,61.7,27.0,306,"51.4,26.2,32.3,40.0,24.6,9.2,15.4,16.9"
2023-05-26 09:41:07,27.0,61.6,21.88,306,"50.0,9.4,17.2,21.9,26.6,20.3,23.4,6.2"
2023-05-26 09:41:09,22.5,61.6,22.12,306,"32.4,15.4,30.8,13.8,27.7,24.6,15.4,16.9"
2023-05-26 09:41:11,34.0,61.6,63.33,310,"67.6,56.2,75.0,54.7,57.8,73.4,59.4,62.5"
2023-05-26 09:41:13,58.5,62.4,23.3,308,"20.3,33.8,20.0,49.2,15.4,16.9,18.5,12.3"
2023-05-26 09:41:15,19.5,62.4,23.03,308,"24.3,38.5,24.6,21.5,13.8,13.8,30.8,16.9"
2023-05-26 09:41:17,21.1,62.4,17.31,308,"13.6,6.2,14.1,7.8,25.0,25.0,23.4,23.4"
2023-05-26 09:41:19,27.8,62.1,24.11,308,"22.1,44.6,35.4,36.9,24.6,6.2,10.8,12.3"
2023-05-26 09:41:21,20.9,62.0,19.99,308,"52.2,37.5,20.3,10.9,10.9,10.9,4.7,12.5"
2023-05-26 09:41:23,38.9,62.0,24.91,308,"24.3,50.0,37.5,15.6,23.4,14.1,25.0,9.4"
2023-05-26 09:41:25,20.0,62.0,19.84,308,"24.3,23.4,17.2,17.2,14.1,25.0,21.9,15.6"
2023-05-26 09:41:27,20.0,62.0,21.5,308,"36.0,48.4,17.2,21.9,14.1,9.4,15.6,9.4"
2023-05-26 09:41:29,28.1,61.9,35.96,308,"56.6,35.9,28.1,37.5,34.4,31.2,31.2,32.8"
2023-05-26 09:41:31,30.3,62.0,30.12,308,"46.5,39.1,35.9,30.8,28.1,16.9,31.2,12.5"
2023-05-26 09:41:33,36.7,62.0,19.44,308,"41.7,27.7,24.6,15.4,16.9,3.1,13.8,12.3"
2023-05-26 09:41:35,22.5,62.1,19.2,308,"25.4,20.3,18.8,15.6,15.6,25.0,14.1,18.8"
2023-05-26 09:41:37,23.8,62.0,27.98,307,"26.9,40.6,26.6,32.8,14.1,17.2,23.4,42.2"
2023-05-26 09:41:39,20.9,62.0,21.01,307,"25.0,16.9,20.0,21.5,23.1,18.5,36.9,6.2"
2023-05-26 09:41:41,24.5,62.0,19.96,307,"36.6,40.0,20.0,23.1,15.4,12.3,9.2,3.1"
2023-05-26 09:41:43,25.5,62.0,36.99,306,"50.7,42.2,57.8,28.1,28.1,31.2,32.8,25.0"
2023-05-26 09:41:45,20.5,61.9,21.24,306,"26.8,18.5,49.2,15.4,16.9,12.3,10.8,20.0"
2023-05-26 09:41:48,23.2,61.9,23.25,306,"45.9,35.4,18.5,24.6,20.0,7.7,26.2,7.7"
2023-05-26 09:41:50,20.8,61.9,22.03,306,"38.0,26.2,18.2,40.0,13.8,15.4,13.8,10.8"
2023-05-26 09:41:52,20.3,61.9,29.15,305,"34.8,25.0,39.1,25.0,23.4,21.9,35.9,28.1"
2023-05-26 09:41:54,22.2,61.9,44.1,307,"57.5,51.6,60.9,37.5,37.5,42.2,40.6,25.0"
2023-05-26 09:41:56,38.8,62.2,22.7,308,"30.0,29.7,26.6,35.9,18.8,12.5,17.2,10.9"
2023-05-26 09:41:58,23.8,62.3,19.6,308,"44.3,21.9,14.1,37.5,17.2,7.8,10.9,3.1"
2023-05-26 09:42:00,21.9,62.1,28.18,308,"50.0,36.9,27.7,32.3,18.5,18.5,21.5,20.0"
2023-05-26 09:42:02,19.4,62.2,21.36,308,"32.4,24.6,15.4,27.7,26.2,30.8,9.2,4.6"
2023-05-26 09:42:04,22.9,62.1,34.29,310,"46.5,30.8,50.8,35.4,35.4,23.1,32.3,20.0"
2023-05-26 09:42:06,38.8,62.2,43.41,309,"62.9,45.3,45.3,46.9,40.6,29.7,39.1,37.5"
2023-05-26 09:42:08,32.9,62.6,26.84,309,"35.3,34.4,37.5,26.2,17.2,20.3,25.0,18.8"
2023-05-26 09:42:10,37.7,63.0,36.91,309,"53.5,35.9,46.9,32.8,42.2,21.5,34.4,28.1"
2023-05-26 09:42:12,34.2,63.0,37.94,309,"54.2,40.0,43.1,30.8,32.3,27.7,36.9,38.5"
2023-05-26 09:42:14,20.7,60.3,23.91,309,"45.9,25.0,26.6,43.8,14.1,6.2,21.9,7.8"
2023-05-26 09:42:16,18.2,60.2,17.11,309,"7.6,33.8,13.8,58.5,6.2,6.2,7.7,3.1"
2023-05-26 09:42:18,25.9,60.3,24.94,309,"48.0,23.4,28.1,45.3,18.8,9.4,10.9,15.6"
2023-05-26 09:42:20,22.2,60.3,20.05,309,"26.1,10.9,23.4,29.7,23.4,14.1,15.6,17.2"
2023-05-26 09:42:22,20.2,60.3,23.62,309,"41.4,16.9,13.8,24.6,24.6,23.1,30.8,13.8"
2023-05-26 09:42:24,28.5,60.3,20.35,309,"45.6,18.8,10.9,20.3,14.1,23.4,12.5,17.2"
2023-05-26 09:42:26,42.2,60.3,29.09,309,"43.7,28.1,31.2,34.4,26.6,9.4,35.9,23.4"
2023-05-26 09:42:28,23.6,60.3,21.8,310,"40.0,25.0,23.4,17.2,7.8,21.9,21.9,17.2"
2023-05-26 09:42:30,23.6,60.3,32.95,310,"51.4,30.8,21.5,40.0,29.2,15.4,33.8,41.5"
2023-05-26 09:42:32,30.1,60.3,25.16,310,"39.7,21.5,18.5,23.1,30.8,10.8,32.3,24.6"
2023-05-26 09:42:34,40.0,60.2,25.83,309,"26.8,51.6,25.0,17.2,17.2,21.9,28.1,18.8"
2023-05-26 09:42:36,20.2,60.3,21.84,308,"34.7,15.4,20.0,44.6,16.9,15.4,9.2,18.5"
2023-05-26 09:42:38,30.7,60.2,22.93,308,"36.4,15.4,23.1,47.0,16.9,12.3,23.1,9.2"
2023-05-26 09:42:40,22.7,60.2,34.44,308,"45.8,56.2,40.6,42.2,29.7,20.3,21.9,18.8"
2023-05-26 09:42:42,35.3,60.2,53.31,308,"54.7,54.7,51.6,65.6,45.3,56.2,48.4,50.0"
2023-05-26 09:42:44,25.5,58.8,21.21,308,"33.8,9.4,23.4,25.0,28.1,14.1,20.3,15.6"
2023-05-26 09:42:46,25.9,58.6,39.16,308,"50.7,34.4,29.7,45.3,46.9,25.0,42.2,39.1"
2023-05-26 09:42:48,24.8,58.6,20.16,308,"29.0,21.5,16.9,12.3,29.2,26.2,15.4,10.8"
2023-05-26 09:42:50,22.6,58.6,22.12,308,"30.1,46.9,18.8,23.4,23.4,4.7,14.1,15.6"
2023-05-26 09:42:52,33.5,58.6,45.12,309,"61.6,51.6,60.9,35.9,42.2,29.7,39.1,40.0"
2023-05-26 09:42:54,31.2,58.8,21.5,308,"35.1,21.5,20.0,32.3,23.1,18.5,12.3,9.2"
2023-05-26 09:42:57,21.2,58.7,20.71,307,"42.7,20.0,9.2,21.5,21.5,10.8,13.8,26.2"
2023-05-26 09:42:59,24.5,58.7,18.66,307,"41.7,13.8,20.0,27.7,16.9,6.2,13.8,9.2"
2023-05-26 09:43:01,24.8,58.8,21.04,307,"36.1,16.9,20.0,26.2,24.6,13.8,9.2,21.5"
2023-05-26 09:43:03,21.7,58.7,20.9,307,"33.3,26.2,20.0,12.3,7.7,23.1,16.9,27.7"
2023-05-26 09:43:05,22.2,58.6,22.49,307,"33.3,42.2,23.4,42.2,12.5,3.1,9.4,13.8"
2023-05-26 09:43:07,24.2,58.7,32.59,309,"39.1,38.5,36.9,33.8,40.0,26.2,30.8,15.4"
2023-05-26 09:43:09,48.3,58.6,29.61,308,"43.1,28.1,39.1,20.3,34.4,31.2,18.8,21.9"
2023-05-26 09:43:11,22.7,58.7,20.27,308,"29.4,12.5,23.4,10.9,14.1,14.1,20.3,37.5"
2023-05-26 09:43:13,22.3,58.7,22.74,308,"31.9,48.4,18.8,20.3,26.6,10.9,20.3,4.7"
2023-05-26 09:43:15,19.3,58.7,21.21,308,"40.0,23.4,28.1,15.6,14.1,21.9,18.8,7.8"
2023-05-26 09:43:17,29.2,58.7,19.89,306,"31.4,10.8,32.3,44.6,6.2,4.6,13.8,15.4"
2023-05-26 09:43:19,22.5,58.7,20.24,306,"31.0,6.2,38.5,7.7,26.2,4.6,32.3,15.4"
2023-05-26 09:43:21,22.5,58.7,23.39,306,"37.1,35.9,18.8,15.6,18.8,29.7,10.9,20.3"
2023-05-26 09:43:23,22.0,58.7,20.62,306,"38.4,20.3,32.8,14.1,10.9,14.1,15.6,18.8"
2023-05-26 09:43:25,23.0,58.7,20.35,306,"20.6,10.9,18.8,26.6,23.4,14.1,28.1,20.3"
2023-05-26 09:43:27,21.2,58.6,18.91,306,"13.8,17.2,32.8,25.0,12.5,7.8,20.3,21.9"
2023-05-26 09:43:29,42.4,58.7,23.98,306,"44.0,35.4,18.5,24.6,12.3,26.2,18.5,12.3"
2023-05-26 09:43:31,25.0,58.7,43.84,306,"65.8,45.5,55.4,38.5,35.4,35.4,40.9,33.8"
2023-05-26 09:43:33,44.4,58.7,22.68,306,"26.1,15.4,33.8,15.4,29.2,23.1,21.5,16.9"
2023-05-26 09:43:35,52.0,58.7,24.65,308,"35.2,15.4,29.7,46.9,24.6,14.1,17.2,14.1"
2023-05-26 09:43:37,20.2,58.8,22.06,308,"31.9,15.4,9.2,21.5,27.7,16.9,27.7,26.2"
2023-05-26 09:43:39,26.2,58.8,23.61,307,"27.9,7.8,14.1,12.5,32.8,17.2,46.9,29.7"
2023-05-26 09:43:41,23.5,58.6,18.56,307,"39.1,20.3,9.4,4.7,7.8,1.6,29.7,35.9"
2023-05-26 09:43:43,21.7,58.7,25.27,307,"35.3,10.8,24.6,29.2,30.3,20.0,26.2,25.8"
2023-05-26 09:43:45,24.4,58.6,19.66,307,"14.9,21.9,7.8,46.9,14.1,14.1,18.8,18.8"
2023-05-26 09:43:47,24.9,58.7,22.5,307,"47.3,9.4,35.9,31.2,10.9,7.8,23.4,14.1"
2023-05-26 09:43:49,22.5,58.7,36.11,307,"37.1,32.3,37.9,49.2,35.4,43.1,18.5,35.4"
2023-05-26 09:43:51,20.8,58.7,19.88,307,"37.5,35.4,12.3,4.6,23.1,15.4,29.2,1.5"
2023-05-26 09:43:53,22.5,58.7,20.16,307,"27.4,21.5,20.0,23.1,18.5,29.2,18.5,3.1"
2023-05-26 09:43:55,31.1,58.6,17.9,307,"21.7,21.5,15.4,46.2,12.3,9.2,13.8,3.1"
2023-05-26 09:43:57,21.0,58.8,19.54,307,"36.1,26.2,18.5,18.5,7.7,26.2,7.7,15.4"
2023-05-26 09:44:00,30.2,58.7,21.02,307,"32.9,41.5,12.3,12.3,26.2,21.5,9.2,12.3"
2023-05-26 09:44:02,22.1,58.8,24.36,307,"25.7,43.1,16.9,32.3,21.5,15.4,18.5,21.5"
2023-05-26 09:44:04,21.6,58.7,20.37,307,"35.2,10.8,38.5,47.7,15.4,3.1,7.7,4.6"
2023-05-26 09:44:06,34.0,58.7,32.21,308,"37.7,33.8,38.5,36.9,27.7,20.0,36.9,26.2"
2023-05-26 09:44:08,30.3,58.8,20.49,308,"32.9,18.8,12.5,26.2,18.8,20.3,17.2,17.2"
2023-05-26 09:44:10,21.4,58.8,30.14,309,"28.8,31.2,48.4,15.6,23.4,12.5,50.0,31.2"
2023-05-26 09:44:12,39.8,58.8,21.8,308,"21.4,17.2,15.6,32.8,23.4,10.9,25.0,28.1"
2023-05-26 09:44:14,18.8,58.8,21.7,308,"36.1,17.2,14.1,34.4,28.1,14.1,23.4,6.2"
2023-05-26 09:44:16,22.6,58.9,21.7,308,"30.4,18.5,6.2,0.0,26.2,35.4,40.0,16.9"
2023-05-26 09:44:18,20.0,59.1,18.73,308,"26.5,50.0,23.4,12.5,15.6,7.8,6.2,7.8"
2023-05-26 09:44:20,21.9,59.0,21.06,308,"29.4,21.9,21.9,32.8,28.1,9.4,7.8,17.2"
2023-05-26 09:44:22,22.8,59.0,20.94,308,"35.2,12.3,35.4,24.6,15.4,7.7,23.1,13.8"
2023-05-26 09:44:24,20.2,58.8,20.66,308,"36.1,32.3,32.3,30.8,9.2,4.6,9.2,10.8"
2023-05-26 09:44:26,20.3,58.8,21.0,308,"18.8,33.8,12.3,43.1,18.5,15.4,13.8,12.3"
2023-05-26 09:44:28,20.5,58.8,21.89,308,"55.1,27.7,24.6,6.2,26.2,9.2,16.9,9.2"
2023-05-26 09:44:30,21.8,58.8,20.04,308,"29.6,13.8,16.9,13.8,26.2,18.5,27.7,13.8"
2023-05-26 09:44:32,40.1,58.7,30.75,308,"27.5,24.6,30.8,41.5,38.5,15.4,41.5,26.2"
2023-05-26 09:44:34,33.7,58.8,31.97,309,"45.9,26.2,35.4,20.0,40.9,38.5,26.2,22.7"
2023-05-26 09:44:36,74.1,58.9,42.48,310,"52.1,33.8,50.8,40.0,41.5,46.2,44.6,30.8"
2023-05-26 09:44:38,38.1,59.9,59.44,310,"71.2,59.4,64.1,56.9,69.2,56.2,46.9,51.6"
2023-05-26 09:44:40,48.2,60.0,26.04,308,"34.8,23.4,26.6,26.6,34.4,17.2,31.2,14.1"
2023-05-26 09:44:42,23.1,59.0,28.33,308,"32.8,25.0,35.9,45.3,18.8,21.9,25.0,21.9"
2023-05-26 09:44:44,20.2,59.0,22.0,308,"42.3,13.8,9.2,40.0,21.5,20.0,15.4,13.8"
2023-05-26 09:44:46,24.0,58.9,33.94,308,"38.6,30.3,30.8,33.8,38.5,29.2,38.5,31.8"
2023-05-26 09:44:48,47.8,59.2,67.15,315,"62.3,72.7,73.8,76.9,64.6,63.1,66.2,57.6"
2023-05-26 09:44:50,65.5,59.5,57.79,313,"65.4,61.5,63.1,67.7,50.8,44.6,61.5,47.7"
2023-05-26 09:44:52,62.5,59.6,48.83,310,"50.7,49.2,55.4,61.5,40.0,41.5,44.6,47.7"
2023-05-26 09:44:54,39.4,59.5,23.36,310,"36.1,15.4,20.0,12.3,32.3,18.5,21.5,30.8"
2023-05-26 09:44:56,29.6,59.5,18.14,310,"17.4,18.5,12.3,32.3,13.8,16.9,27.7,6.2"
2023-05-26 09:44:58,22.2,59.5,61.5,313,"65.8,70.8,62.5,55.4,54.7,60.9,62.5,59.4"
2023-05-26 09:45:01,44.4,59.6,53.34,310,"59.5,46.9,62.5,57.8,50.0,48.4,50.0,51.6"
2023-05-26 09:45:03,47.8,60.1,59.93,310,"72.0,74.6,69.7,58.5,53.8,50.8,55.4,44.6"
2023-05-26 09:45:05,26.1,60.2,33.35,315,"47.9,39.4,32.3,30.8,29.2,23.1,39.1,25.0"
2023-05-26 09:45:07,85.2,60.2,53.26,310,"65.7,43.1,51.6,59.4,54.7,45.3,51.6,54.7"
2023-05-26 09:45:09,43.5,60.7,24.6,310,"35.2,18.5,26.2,36.9,21.5,20.0,23.1,15.4"
2023-05-26 09:45:11,30.7,60.8,86.16,310,"90.4,86.1,88.7,88.7,85.9,80.3,86.1,83.1"
2023-05-26 09:45:13,64.7,61.0,35.77,311,"49.3,38.5,33.8,50.8,32.3,27.7,29.2,24.6"
2023-05-26 09:45:15,44.4,60.8,33.89,310,"36.8,46.9,28.1,42.2,28.1,28.1,28.1,32.8"
2023-05-26 09:45:17,30.4,60.7,20.54,310,"19.1,35.9,35.9,20.3,20.3,9.4,15.6,7.8"
2023-05-26 09:45:19,37.3,60.3,30.39,310,"37.0,29.2,47.7,40.0,21.5,16.9,23.1,27.7"
2023-05-26 09:45:21,23.3,60.4,23.05,310,"23.5,23.4,26.6,15.6,28.1,9.4,26.6,31.2"
2023-05-26 09:45:23,18.8,60.1,23.39,310,"38.6,25.0,25.0,10.9,18.8,26.6,25.0,17.2"
2023-05-26 09:45:25,20.2,60.0,18.75,310,"27.0,9.2,27.7,53.8,13.8,4.6,6.2,7.7"
2023-05-26 09:45:27,20.2,60.0,21.14,310,"27.8,15.2,18.5,29.2,23.1,9.2,16.9,29.2"
2023-05-26 09:45:29,34.2,59.8,27.2,311,"26.9,34.4,28.1,43.8,18.8,25.0,23.4,17.2"
2023-05-26 09:45:31,27.8,60.4,26.03,310,"40.0,35.9,30.8,42.2,17.2,10.9,20.3,10.9"
2023-05-26 09:45:33,22.7,60.5,27.28,310,"30.6,27.7,43.1,47.7,21.5,13.8,13.8,20.0"
2023-05-26 09:45:35,40.0,60.1,27.9,309,"37.1,20.0,36.9,33.8,20.0,27.7,26.2,21.5"
2023-05-26 09:45:37,43.4,59.7,21.33,309,"30.6,15.4,35.4,36.9,12.3,10.8,13.8,15.4"
2023-05-26 09:45:39,31.3,59.4,18.67,309,"21.7,6.2,27.7,9.2,9.2,4.6,63.1,7.7"
2023-05-26 09:45:41,23.8,59.4,20.86,309,"31.4,26.2,23.1,12.3,15.4,20.0,32.3,6.2"
2023-05-26 09:45:43,22.0,59.4,19.14,309,"39.2,12.3,26.2,23.1,12.3,7.7,15.4,16.9"
2023-05-26 09:45:45,21.7,59.4,19.66,309,"25.0,12.3,24.6,18.5,24.6,16.9,24.6,10.8"
2023-05-26 09:45:47,29.8,59.4,19.26,309,"35.3,21.9,15.6,17.2,14.1,12.5,14.1,23.4"
2023-05-26 09:45:49,20.5,59.4,19.16,309,"35.1,9.2,20.0,10.8,13.6,12.3,33.8,18.5"
2023-05-26 09:45:52,20.8,59.4,23.01,309,"37.8,18.5,26.2,27.7,30.8,23.1,9.2,10.8"
2023-05-26 09:45:54,18.7,59.4,22.24,309,"29.6,28.1,53.1,12.5,10.9,10.9,15.6,17.2"
2023-05-26 09:45:56,20.0,59.5,44.11,309,"52.0,50.0,45.3,56.2,31.2,39.1,40.0,39.1"
2023-05-26 09:45:58,29.3,59.5,19.94,309,"19.1,18.8,37.5,28.1,17.2,9.4,15.6,13.8"
2023-05-26 09:46:00,17.8,59.4,21.01,309,"29.6,18.5,23.1,27.7,15.4,18.5,13.8,21.5"
2023-05-26 09:46:02,27.0,59.4,22.91,308,"41.1,10.9,34.4,29.7,20.3,12.5,17.2,17.2"
2023-05-26 09:46:04,21.9,59.3,26.26,308,"39.7,45.3,31.2,34.4,14.1,18.8,12.5,14.1"
2023-05-26 09:46:06,30.1,59.4,33.79,308,"42.6,35.9,21.9,39.1,30.8,29.7,34.4,35.9"
2023-05-26 09:46:08,22.1,59.3,31.84,308,"45.7,35.9,37.5,32.8,34.4,25.0,18.8,24.6"
2023-05-26 09:46:10,23.9,59.3,35.37,306,"40.8,34.4,57.8,28.1,26.6,26.6,32.8,35.9"
2023-05-26 09:46:12,37.9,59.3,39.04,308,"41.1,47.7,48.5,43.1,27.7,30.3,43.1,30.8"
2023-05-26 09:46:14,20.5,59.4,20.82,308,"29.6,13.8,15.4,63.1,18.5,10.8,6.2,9.2"
2023-05-26 09:46:16,20.9,59.3,17.36,308,"21.7,20.3,15.6,14.1,10.9,14.1,23.4,18.8"
2023-05-26 09:46:18,45.2,59.3,21.89,308,"38.2,15.4,9.2,9.2,29.2,27.7,23.1,23.1"
2023-05-26 09:46:20,22.8,59.4,20.84,308,"31.4,21.5,16.9,18.5,20.0,7.7,9.2,41.5"
2023-05-26 09:46:22,20.2,59.4,23.5,308,"45.7,21.9,21.9,42.2,14.1,15.6,12.5,14.1"
2023-05-26 09:46:24,21.1,59.4,22.26,308,"36.5,10.8,10.8,10.8,27.7,21.5,26.2,33.8"
2023-05-26 09:46:26,22.4,59.3,21.62,308,"43.8,23.1,15.4,49.2,7.7,10.8,9.2,13.8"
2023-05-26 09:46:28,27.5,59.3,19.11,308,"45.3,29.2,7.7,4.6,9.2,24.6,13.8,18.5"
2023-05-26 09:46:30,19.8,59.3,24.41,308,"29.2,15.4,29.2,29.2,30.8,20.0,16.9,24.6"
2023-05-26 09:46:32,19.1,59.2,25.66,308,"34.3,40.6,12.5,53.8,18.8,10.9,21.9,12.5"
2023-05-26 09:46:34,22.5,59.3,38.91,308,"53.5,46.9,20.3,39.1,35.9,31.2,51.6,32.8"
2023-05-26 09:46:36,42.3,59.4,20.04,308,"35.7,16.9,21.5,18.5,23.1,10.8,20.0,13.8"
2023-05-26 09:46:38,44.8,59.2,49.11,308,"63.2,42.2,62.5,45.3,51.6,35.9,42.2,50.0"
2023-05-26 09:46:40,29.4,59.1,23.44,308,"35.1,20.0,30.8,9.2,18.5,6.2,38.5,29.2"
2023-05-26 09:46:42,25.3,59.1,27.04,309,"45.8,29.2,13.8,23.1,21.5,16.7,35.4,30.8"
2023-05-26 09:46:44,20.6,59.2,20.57,309,"31.9,18.8,23.4,31.2,10.9,4.7,12.5,31.2"
2023-05-26 09:46:46,24.2,59.2,46.12,312,"54.3,48.4,56.2,40.6,39.1,29.7,53.8,46.9"
2023-05-26 09:46:48,26.6,59.4,20.11,309,"28.6,40.0,29.2,16.9,16.9,7.7,15.4,6.2"
2023-05-26 09:46:50,19.3,59.3,19.6,309,"29.2,38.5,15.4,24.6,13.8,12.3,13.8,9.2"
2023-05-26 09:46:52,23.7,59.2,23.09,309,"44.4,32.8,23.4,20.3,14.1,20.0,20.3,9.4"
2023-05-26 09:46:54,19.8,59.4,18.67,308,"31.0,32.3,33.8,21.5,16.9,4.6,6.2,3.1"
2023-05-26 09:46:57,17.4,59.3,21.78,308,"41.7,12.5,10.9,15.4,12.5,32.8,12.5,35.9"
2023-05-26 09:46:59,22.4,59.3,24.94,309,"36.5,20.0,16.9,29.2,20.0,27.7,24.6,24.6"
2023-05-26 09:47:01,32.2,59.2,33.73,308,"50.0,21.9,42.2,43.8,48.4,6.2,28.1,29.2"
2023-05-26 09:47:03,36.8,59.3,31.81,308,"39.1,24.6,55.4,40.0,16.9,18.5,32.3,27.7"
2023-05-26 09:47:05,35.1,59.3,22.81,308,"53.3,24.6,29.2,16.9,16.9,15.4,15.4,10.8"
2023-05-26 09:47:07,20.4,59.2,23.0,308,"13.2,55.4,20.0,29.2,10.8,15.4,21.5,18.5"
2023-05-26 09:47:09,43.2,59.3,41.33,309,"55.6,42.2,46.9,32.8,37.5,46.9,40.6,28.1"
2023-05-26 09:47:11,24.7,59.5,24.96,309,"45.2,32.8,28.1,40.6,12.5,10.8,7.8,21.9"
2023-05-26 09:47:13,24.6,59.5,25.32,309,"31.9,18.5,13.8,33.8,24.6,30.8,27.7,21.5"
2023-05-26 09:47:15,19.6,59.6,18.22,309,"42.7,23.4,23.4,28.1,9.4,4.7,12.5,1.6"
2023-05-26 09:47:17,23.7,59.4,18.94,307,"30.0,38.5,15.4,16.9,9.2,12.3,13.8,15.4"
2023-05-26 09:47:19,22.8,59.3,21.15,307,"40.0,47.7,18.5,16.9,16.9,7.7,13.8,7.7"
2023-05-26 09:47:21,31.5,59.3,30.77,307,"40.3,25.0,15.6,70.3,21.9,24.6,29.7,18.8"
2023-05-26 09:47:23,21.8,59.3,21.89,307,"30.6,27.7,12.3,36.9,33.8,10.8,13.8,9.2"
2023-05-26 09:47:25,21.7,59.3,18.45,307,"38.4,27.7,6.2,21.5,1.5,18.5,20.0,13.8"
2023-05-26 09:47:27,21.9,59.3,18.24,307,"35.2,29.2,26.2,24.6,4.6,0.0,13.8,12.3"
2023-05-26 09:47:29,21.4,59.3,19.94,307,"28.8,35.4,25.0,32.8,9.4,1.6,10.9,15.6"
2023-05-26 09:47:31,18.7,59.4,20.55,308,"30.0,17.2,20.3,39.1,12.5,9.4,15.6,20.3"
2023-05-26 09:47:33,19.1,59.4,22.7,308,"30.0,25.0,29.7,31.2,14.1,17.2,14.1,20.3"
2023-05-26 09:47:35,19.5,59.3,27.25,308,"38.2,36.9,33.8,44.6,13.8,13.8,21.5,15.4"
2023-05-26 09:47:37,35.9,59.3,17.81,307,"30.0,23.1,30.8,35.4,6.2,4.6,6.2,6.2"
2023-05-26 09:47:39,54.4,59.3,33.75,305,"39.1,40.6,39.1,39.1,34.4,24.6,32.8,20.3"
2023-05-26 09:47:41,30.7,58.8,52.18,305,"58.9,56.2,46.9,53.1,48.4,51.6,50.0,52.3"
2023-05-26 09:47:43,45.3,58.8,19.4,305,"35.2,44.6,10.8,16.9,15.4,16.9,9.2,6.2"
2023-05-26 09:47:45,45.3,59.0,22.43,305,"30.3,33.8,41.5,15.4,13.8,10.8,20.0,13.8"
2023-05-26 09:47:47,27.4,59.7,37.92,306,"47.9,35.4,55.4,40.0,26.2,27.7,40.0,30.8"
2023-05-26 09:47:49,59.2,60.0,52.3,307,"60.6,54.7,65.6,62.5,48.4,34.4,51.6,40.6"
2023-05-26 09:47:51,42.6,60.1,43.11,307,"67.5,41.5,60.6,53.8,33.8,23.1,36.9,27.7"
2023-05-26 09:47:53,35.0,59.9,24.12,307,"22.7,15.6,28.1,26.6,28.1,21.9,25.0,25.0"
2023-05-26 09:47:55,32.8,60.0,18.1,307,"24.6,17.2,28.1,34.4,17.2,6.2,10.9,6.2"
2023-05-26 09:47:57,17.4,60.0,50.06,307,"57.5,47.0,46.9,60.9,45.3,42.2,48.4,52.3"
2023-05-26 09:47:59,24.9,60.0,26.36,307,"40.5,23.1,24.6,22.7,18.5,23.1,36.9,21.5"
2023-05-26 09:48:02,38.3,60.2,26.38,307,"37.1,36.9,23.1,27.7,27.7,18.5,21.5,18.5"
2023-05-26 09:48:04,44.3,60.2,22.31,307,"31.4,26.2,16.9,20.0,15.4,33.3,21.5,13.8"
2023-05-26 09:48:06,20.0,60.2,24.14,307,"37.8,27.7,13.8,41.5,16.9,15.4,20.0,20.0"
2023-05-26 09:48:08,22.8,60.1,20.76,307,"38.4,21.5,16.9,10.8,24.6,18.5,24.6,10.8"
2023-05-26 09:48:10,40.0,60.0,34.05,307,"37.1,33.8,41.5,69.2,21.5,20.0,30.8,18.5"
2023-05-26 09:48:12,18.1,59.8,22.37,306,"24.3,42.2,42.2,18.8,10.9,6.2,17.2,17.2"
2023-05-26 09:48:14,19.9,59.8,20.64,306,"34.2,18.5,30.8,26.2,9.2,15.4,23.1,7.7"
2023-05-26 09:48:16,20.9,59.3,20.01,306,"32.4,35.4,6.2,50.8,9.2,7.7,13.8,4.6"
2023-05-26 09:48:18,20.8,59.7,17.84,306,"22.5,38.5,18.5,26.2,10.8,7.7,12.3,6.2"
2023-05-26 09:48:20,44.0,59.2,30.74,307,"51.9,29.2,30.8,46.2,26.2,15.4,27.7,18.5"
2023-05-26 09:48:22,24.5,59.8,21.15,307,"29.2,30.8,33.8,23.1,10.8,9.2,18.5,13.8"
2023-05-26 09:48:24,41.6,59.5,72.71,307,"77.6,80.0,64.6,86.2,76.9,61.5,69.7,65.2"
2023-05-26 09:48:26,29.8,60.3,31.01,307,"52.7,27.7,38.5,35.4,20.0,29.2,24.6,20.0"
2023-05-26 09:48:28,23.4,60.2,28.74,307,"31.9,23.4,40.6,29.7,21.9,26.2,31.2,25.0"
2023-05-26 09:48:30,88.1,60.3,81.25,315,"85.7,83.1,79.7,81.2,78.1,84.4,79.7,78.1"
2023-05-26 09:48:32,70.8,60.4,74.6,315,"84.0,68.2,83.1,69.2,81.5,70.8,73.8,66.2"
2023-05-26 09:48:34,94.7,60.6,98.5,315,"98.6,100.0,100.0,98.5,98.5,95.4,98.5,98.5"
2023-05-26 09:48:36,93.0,60.7,87.33,318,"87.7,76.6,90.6,87.5,90.6,84.4,90.6,90.6"
2023-05-26 09:48:38,95.1,61.3,93.81,324,"97.4,92.5,95.5,100.0,92.8,91.2,91.2,89.9"
2023-05-26 09:48:41,100.0,61.9,100.0,327,"100.0,100.0,100.0,100.0,100.0,100.0,100.0,100.0"
2023-05-26 09:48:44,100.0,62.3,100.0,322,"100.0,100.0,100.0,100.0,100.0,100.0,100.0,100.0"
2023-05-26 09:48:46,100.0,61.4,100.0,323,"100.0,100.0,100.0,100.0,100.0,100.0,100.0,100.0"
2023-05-26 09:48:48,100.0,62.0,100.0,325,"100.0,100.0,100.0,100.0,100.0,100.0,100.0,100.0"
2023-05-26 09:48:51,100.0,62.2,100.0,324,"100.0,100.0,100.0,100.0,100.0,100.0,100.0,100.0"
2023-05-26 09:48:53,100.0,62.3,99.81,324,"100.0,100.0,98.5,100.0,100.0,100.0,100.0,100.0"
2023-05-26 09:48:55,99.1,62.4,88.9,317,"86.7,88.1,88.4,89.9,85.5,85.5,92.8,94.3"
2023-05-26 09:48:57,77.1,61.3,81.47,319,"79.7,85.9,78.1,85.9,78.5,79.7,78.1,85.9"
2023-05-26 09:49:00,94.3,61.3,99.15,325,"98.6,98.6,100.0,100.0,98.6,98.7,98.7,100.0"
2023-05-26 09:49:02,98.5,62.5,96.28,325,"97.2,98.5,98.5,95.5,95.5,92.5,92.5,100.0"
2023-05-26 09:49:04,93.6,62.3,96.2,323,"97.4,97.0,94.0,97.0,92.8,94.2,98.6,98.6"
2023-05-26 09:49:07,93.0,62.4,99.65,323,"98.7,100.0,98.5,100.0,100.0,100.0,100.0,100.0"
2023-05-26 09:49:09,95.0,62.5,100.0,325,"100.0,100.0,100.0,100.0,100.0,100.0,100.0,100.0"
2023-05-26 09:49:11,100.0,63.3,100.0,324,"100.0,100.0,100.0,100.0,100.0,100.0,100.0,100.0"
2023-05-26 09:49:14,99.7,64.0,99.81,322,"100.0,100.0,100.0,100.0,100.0,100.0,100.0,98.5"
2023-05-26 09:49:16,87.9,64.1,99.61,320,"100.0,98.5,100.0,100.0,100.0,98.4,100.0,100.0"
2023-05-26 09:49:18,75.0,63.0,52.14,318,"53.5,53.1,45.3,56.9,57.8,40.6,48.4,61.5"
2023-05-26 09:49:20,51.1,62.8,57.92,318,"63.5,54.7,68.8,70.3,53.1,48.4,56.2,48.4"
2023-05-26 09:49:22,71.0,62.7,61.34,321,"60.5,60.9,70.3,61.5,65.6,51.6,53.1,67.2"
2023-05-26 09:49:24,58.1,62.6,65.74,318,"55.7,70.3,65.6,73.4,65.6,57.8,78.1,59.4"
2023-05-26 09:49:26,61.5,62.5,72.12,319,"77.1,71.9,75.0,67.2,71.9,75.4,72.3,66.2"
2023-05-26 09:49:28,73.8,62.3,81.69,317,"91.7,80.3,87.7,89.2,76.9,69.2,78.5,80.0"
2023-05-26 09:49:30,92.7,62.3,81.89,317,"90.0,90.8,83.1,83.1,72.7,78.5,84.6,72.3"
2023-05-26 09:49:32,87.5,62.4,90.89,317,"97.4,92.2,93.8,95.3,87.5,90.6,85.9,84.4"
2023-05-26 09:49:34,83.7,62.5,81.75,317,"75.7,78.1,85.9,85.9,70.3,84.6,89.1,84.4"
2023-05-26 09:49:36,88.0,63.0,86.37,317,"91.1,85.9,92.2,92.2,87.5,85.9,73.4,82.8"
2023-05-26 09:49:38,89.1,63.2,92.35,318,"96.0,97.0,90.8,92.2,95.4,90.8,87.5,89.1"
2023-05-26 09:49:41,100.0,63.1,99.62,317,"100.0,100.0,100.0,100.0,100.0,98.5,100.0,98.5"
2023-05-26 09:49:43,91.2,63.1,86.59,318,"84.9,81.2,92.2,92.2,87.7,81.8,84.8,87.9"
2023-05-26 09:49:45,78.9,63.2,75.48,317,"81.3,77.9,69.2,73.8,75.4,72.3,75.4,78.5"
2023-05-26 09:49:47,75.5,63.2,68.76,318,"79.2,67.2,70.3,67.7,67.2,71.9,62.5,64.1"
2023-05-26 09:49:49,70.6,63.4,63.36,318,"72.5,59.4,67.2,78.1,53.1,60.9,68.8,46.9"
2023-05-26 09:49:51,57.8,63.4,53.04,318,"68.1,49.2,46.2,63.1,44.6,50.0,58.5,44.6"
2023-05-26 09:49:53,65.1,63.4,81.89,321,"83.1,89.2,87.5,82.8,79.7,78.1,76.6,78.1"
2023-05-26 09:49:55,90.9,63.4,61.9,319,"69.7,56.1,63.1,74.2,67.7,56.7,52.3,55.4"
2023-05-26 09:49:57,60.1,63.2,58.1,319,"75.0,55.4,62.1,70.8,61.5,55.4,50.8,33.8"
2023-05-26 09:49:59,59.2,63.3,53.45,319,"58.9,59.4,56.2,53.1,50.0,53.1,45.3,51.6"
2023-05-26 09:50:01,54.3,63.3,45.04,319,"59.2,51.6,42.2,59.4,32.8,35.4,39.1,40.6"
2023-05-26 09:50:03,44.8,63.2,46.61,319,"64.4,44.6,50.0,60.0,43.1,40.0,35.4,35.4"
2023-05-26 09:50:05,61.3,63.3,49.9,317,"67.1,53.1,57.8,42.2,45.3,39.1,50.0,44.6"
2023-05-26 09:50:07,52.4,62.9,50.87,317,"67.9,48.4,51.6,50.0,50.0,50.0,46.9,42.2"
2023-05-26 09:50:10,41.0,63.0,34.35,314,"44.0,61.5,43.1,30.8,24.6,21.5,23.1,26.2"
2023-05-26 09:50:12,21.9,62.6,31.85,314,"54.8,24.6,47.7,24.6,23.1,20.0,18.5,41.5"
2023-05-26 09:50:14,41.6,62.4,46.44,314,"60.6,45.3,45.3,48.4,51.6,42.2,35.9,42.2"
